CellType,Fraction
B_cell,-0.071060814
T_Cell,0.313812926
Cancer,1.257294895
Dendritic,-0.057121553
Endothelial,-1.247718284
Myeloid,-0.039038655
Fibroblast,-0.882827454
